mcdi_tgestures_raw,gender,age,mcdi_tgestures_inter_ptile
0,F,6,<5
1,F,6,<5
2,F,6,5
3,F,6,6.667
4,F,6,8.333
5,F,6,15
6,F,6,20
7,F,6,30
8,F,6,40
9,F,6,42.5
10,F,6,50
11,F,6,55
12,F,6,57.5
13,F,6,60
14,F,6,65
15,F,6,75
16,F,6,76.667
17,F,6,78.333
18,F,6,80
19,F,6,85
20,F,6,90
21,F,6,91
22,F,6,92
23,F,6,93
24,F,6,94
25,F,6,95
26,F,6,96
27,F,6,97
28,F,6,98
29,F,6,99
30,F,6,>99
31,F,6,>99
32,F,6,>99
33,F,6,>99
34,F,6,>99
35,F,6,>99
36,F,6,>99
37,F,6,>99
38,F,6,>99
39,F,6,>99
40,F,6,>99
41,F,6,>99
42,F,6,>99
43,F,6,>99
44,F,6,>99
45,F,6,>99
46,F,6,>99
47,F,6,>99
48,F,6,>99
49,F,6,>99
50,F,6,>99
51,F,6,>99
52,F,6,>99
53,F,6,>99
54,F,6,>99
55,F,6,>99
56,F,6,>99
57,F,6,>99
58,F,6,>99
59,F,6,>99
60,F,6,>99
61,F,6,>99
62,F,6,>99
63,F,6,>99
0,F,7,<5
1,F,7,<5
2,F,7,5
3,F,7,6.667
4,F,7,8.333
5,F,7,15
6,F,7,20
7,F,7,30
8,F,7,40
9,F,7,42.5
10,F,7,50
11,F,7,55
12,F,7,57.5
13,F,7,60
14,F,7,65
15,F,7,75
16,F,7,76.667
17,F,7,78.333
18,F,7,80
19,F,7,85
20,F,7,90
21,F,7,91
22,F,7,92
23,F,7,93
24,F,7,94
25,F,7,95
26,F,7,96
27,F,7,97
28,F,7,98
29,F,7,99
30,F,7,>99
31,F,7,>99
32,F,7,>99
33,F,7,>99
34,F,7,>99
35,F,7,>99
36,F,7,>99
37,F,7,>99
38,F,7,>99
39,F,7,>99
40,F,7,>99
41,F,7,>99
42,F,7,>99
43,F,7,>99
44,F,7,>99
45,F,7,>99
46,F,7,>99
47,F,7,>99
48,F,7,>99
49,F,7,>99
50,F,7,>99
51,F,7,>99
52,F,7,>99
53,F,7,>99
54,F,7,>99
55,F,7,>99
56,F,7,>99
57,F,7,>99
58,F,7,>99
59,F,7,>99
60,F,7,>99
61,F,7,>99
62,F,7,>99
63,F,7,>99
0,F,8,<5
1,F,8,<5
2,F,8,5
3,F,8,6.667
4,F,8,8.333
5,F,8,15
6,F,8,20
7,F,8,30
8,F,8,40
9,F,8,42.5
10,F,8,50
11,F,8,55
12,F,8,57.5
13,F,8,60
14,F,8,65
15,F,8,75
16,F,8,76.667
17,F,8,78.333
18,F,8,80
19,F,8,85
20,F,8,90
21,F,8,91
22,F,8,92
23,F,8,93
24,F,8,94
25,F,8,95
26,F,8,96
27,F,8,97
28,F,8,98
29,F,8,99
30,F,8,>99
31,F,8,>99
32,F,8,>99
33,F,8,>99
34,F,8,>99
35,F,8,>99
36,F,8,>99
37,F,8,>99
38,F,8,>99
39,F,8,>99
40,F,8,>99
41,F,8,>99
42,F,8,>99
43,F,8,>99
44,F,8,>99
45,F,8,>99
46,F,8,>99
47,F,8,>99
48,F,8,>99
49,F,8,>99
50,F,8,>99
51,F,8,>99
52,F,8,>99
53,F,8,>99
54,F,8,>99
55,F,8,>99
56,F,8,>99
57,F,8,>99
58,F,8,>99
59,F,8,>99
60,F,8,>99
61,F,8,>99
62,F,8,>99
63,F,8,>99
0,F,9,<5
1,F,9,<5
2,F,9,<5
3,F,9,5
4,F,9,6.667
5,F,9,8.333
6,F,9,10
7,F,9,15
8,F,9,17.5
9,F,9,25
10,F,9,35
11,F,9,40
12,F,9,42.5
13,F,9,45
14,F,9,50
15,F,9,55
16,F,9,57.5
17,F,9,65
18,F,9,67.5
19,F,9,75
20,F,9,76.667
21,F,9,78.333
22,F,9,80
23,F,9,85
24,F,9,87.5
25,F,9,90
26,F,9,91
27,F,9,92
28,F,9,93
29,F,9,94
30,F,9,95
31,F,9,95.833
32,F,9,96.667
33,F,9,97.5
34,F,9,98.333
35,F,9,99.167
36,F,9,>99
37,F,9,>99
38,F,9,>99
39,F,9,>99
40,F,9,>99
41,F,9,>99
42,F,9,>99
43,F,9,>99
44,F,9,>99
45,F,9,>99
46,F,9,>99
47,F,9,>99
48,F,9,>99
49,F,9,>99
50,F,9,>99
51,F,9,>99
52,F,9,>99
53,F,9,>99
54,F,9,>99
55,F,9,>99
56,F,9,>99
57,F,9,>99
58,F,9,>99
59,F,9,>99
60,F,9,>99
61,F,9,>99
62,F,9,>99
63,F,9,>99
0,F,10,<5
1,F,10,<5
2,F,10,<5
3,F,10,<5
4,F,10,5
5,F,10,6
6,F,10,7
7,F,10,8
8,F,10,9
9,F,10,10
10,F,10,15
11,F,10,20
12,F,10,25
13,F,10,30
14,F,10,35
15,F,10,40
16,F,10,45
17,F,10,47.5
18,F,10,50
19,F,10,55
20,F,10,57.5
21,F,10,65
22,F,10,67.5
23,F,10,70
24,F,10,75
25,F,10,77.5
26,F,10,80
27,F,10,82.5
28,F,10,85
29,F,10,87.5
30,F,10,90
31,F,10,91
32,F,10,92
33,F,10,93
34,F,10,94
35,F,10,95
36,F,10,95.714
37,F,10,96.429
38,F,10,97.143
39,F,10,97.857
40,F,10,98.571
41,F,10,99.286
42,F,10,>99
43,F,10,>99
44,F,10,>99
45,F,10,>99
46,F,10,>99
47,F,10,>99
48,F,10,>99
49,F,10,>99
50,F,10,>99
51,F,10,>99
52,F,10,>99
53,F,10,>99
54,F,10,>99
55,F,10,>99
56,F,10,>99
57,F,10,>99
58,F,10,>99
59,F,10,>99
60,F,10,>99
61,F,10,>99
62,F,10,>99
63,F,10,>99
0,F,11,<5
1,F,11,<5
2,F,11,<5
3,F,11,<5
4,F,11,<5
5,F,11,<5
6,F,11,<5
7,F,11,5
8,F,11,6
9,F,11,7
10,F,11,8
11,F,11,9
12,F,11,10
13,F,11,15
14,F,11,17.5
15,F,11,20
16,F,11,25
17,F,11,30
18,F,11,32.5
19,F,11,35
20,F,11,40
21,F,11,45
22,F,11,50
23,F,11,55
24,F,11,57.5
25,F,11,60
26,F,11,65
27,F,11,67.5
28,F,11,70
29,F,11,75
30,F,11,77.5
31,F,11,80
32,F,11,81.667
33,F,11,83.333
34,F,11,85
35,F,11,87.5
36,F,11,90
37,F,11,91.25
38,F,11,92.5
39,F,11,93.75
40,F,11,95
41,F,11,95.833
42,F,11,96.667
43,F,11,97.5
44,F,11,98.333
45,F,11,99.167
46,F,11,>99
47,F,11,>99
48,F,11,>99
49,F,11,>99
50,F,11,>99
51,F,11,>99
52,F,11,>99
53,F,11,>99
54,F,11,>99
55,F,11,>99
56,F,11,>99
57,F,11,>99
58,F,11,>99
59,F,11,>99
60,F,11,>99
61,F,11,>99
62,F,11,>99
63,F,11,>99
0,F,12,<5
1,F,12,<5
2,F,12,<5
3,F,12,<5
4,F,12,<5
5,F,12,<5
6,F,12,<5
7,F,12,<5
8,F,12,<5
9,F,12,<5
10,F,12,5
11,F,12,6
12,F,12,7
13,F,12,8
14,F,12,9
15,F,12,10
16,F,12,12.5
17,F,12,15
18,F,12,17.5
19,F,12,20
20,F,12,22.5
21,F,12,25
22,F,12,30
23,F,12,32.5
24,F,12,35
25,F,12,40
26,F,12,45
27,F,12,50
28,F,12,52.5
29,F,12,55
30,F,12,60
31,F,12,65
32,F,12,67.5
33,F,12,70
34,F,12,75
35,F,12,77.5
36,F,12,80
37,F,12,81.667
38,F,12,83.333
39,F,12,85
40,F,12,87.5
41,F,12,90
42,F,12,91.25
43,F,12,92.5
44,F,12,93.75
45,F,12,95
46,F,12,95.833
47,F,12,96.667
48,F,12,97.5
49,F,12,98.333
50,F,12,99.167
51,F,12,>99
52,F,12,>99
53,F,12,>99
54,F,12,>99
55,F,12,>99
56,F,12,>99
57,F,12,>99
58,F,12,>99
59,F,12,>99
60,F,12,>99
61,F,12,>99
62,F,12,>99
63,F,12,>99
0,F,13,<5
1,F,13,<5
2,F,13,<5
3,F,13,<5
4,F,13,<5
5,F,13,<5
6,F,13,<5
7,F,13,<5
8,F,13,<5
9,F,13,<5
10,F,13,<5
11,F,13,<5
12,F,13,<5
13,F,13,<5
14,F,13,<5
15,F,13,5
16,F,13,6
17,F,13,7
18,F,13,8
19,F,13,9
20,F,13,10
21,F,13,15
22,F,13,16.667
23,F,13,18.333
24,F,13,20
25,F,13,22.5
26,F,13,25
27,F,13,30
28,F,13,32.5
29,F,13,35
30,F,13,40
31,F,13,45
32,F,13,47.5
33,F,13,50
34,F,13,55
35,F,13,60
36,F,13,65
37,F,13,67.5
38,F,13,70
39,F,13,75
40,F,13,77.5
41,F,13,80
42,F,13,82.5
43,F,13,85
44,F,13,86.667
45,F,13,88.333
46,F,13,90
47,F,13,91.667
48,F,13,93.333
49,F,13,95
50,F,13,96
51,F,13,97
52,F,13,98
53,F,13,99
54,F,13,>99
55,F,13,>99
56,F,13,>99
57,F,13,>99
58,F,13,>99
59,F,13,>99
60,F,13,>99
61,F,13,>99
62,F,13,>99
63,F,13,>99
0,F,14,<5
1,F,14,<5
2,F,14,<5
3,F,14,<5
4,F,14,<5
5,F,14,<5
6,F,14,<5
7,F,14,<5
8,F,14,<5
9,F,14,<5
10,F,14,<5
11,F,14,<5
12,F,14,<5
13,F,14,<5
14,F,14,<5
15,F,14,<5
16,F,14,<5
17,F,14,<5
18,F,14,<5
19,F,14,<5
20,F,14,<5
21,F,14,5
22,F,14,6.25
23,F,14,7.5
24,F,14,8.75
25,F,14,10
26,F,14,12.5
27,F,14,15
28,F,14,17.5
29,F,14,20
30,F,14,21.667
31,F,14,23.333
32,F,14,30
33,F,14,31.667
34,F,14,33.333
35,F,14,35
36,F,14,40
37,F,14,45
38,F,14,50
39,F,14,55
40,F,14,60
41,F,14,65
42,F,14,70
43,F,14,72.5
44,F,14,75
45,F,14,80
46,F,14,81.667
47,F,14,83.333
48,F,14,85
49,F,14,87.5
50,F,14,90
51,F,14,92.5
52,F,14,95
53,F,14,96
54,F,14,97
55,F,14,98
56,F,14,99
57,F,14,>99
58,F,14,>99
59,F,14,>99
60,F,14,>99
61,F,14,>99
62,F,14,>99
63,F,14,>99
0,F,15,<5
1,F,15,<5
2,F,15,<5
3,F,15,<5
4,F,15,<5
5,F,15,<5
6,F,15,<5
7,F,15,<5
8,F,15,<5
9,F,15,<5
10,F,15,<5
11,F,15,<5
12,F,15,<5
13,F,15,<5
14,F,15,<5
15,F,15,<5
16,F,15,<5
17,F,15,<5
18,F,15,<5
19,F,15,<5
20,F,15,<5
21,F,15,<5
22,F,15,<5
23,F,15,<5
24,F,15,<5
25,F,15,<5
26,F,15,<5
27,F,15,<5
28,F,15,<5
29,F,15,5
30,F,15,10
31,F,15,12.5
32,F,15,15
33,F,15,17.5
34,F,15,20
35,F,15,21.667
36,F,15,23.333
37,F,15,25
38,F,15,30
39,F,15,31.667
40,F,15,33.333
41,F,15,40
42,F,15,45
43,F,15,50
44,F,15,60
45,F,15,65
46,F,15,70
47,F,15,72.5
48,F,15,75
49,F,15,80
50,F,15,82.5
51,F,15,85
52,F,15,86.667
53,F,15,88.333
54,F,15,90
55,F,15,95
56,F,15,96.25
57,F,15,97.5
58,F,15,98.75
59,F,15,99
60,F,15,>99
61,F,15,>99
62,F,15,>99
63,F,15,>99
0,F,16,<5
1,F,16,<5
2,F,16,<5
3,F,16,<5
4,F,16,<5
5,F,16,<5
6,F,16,<5
7,F,16,<5
8,F,16,<5
9,F,16,<5
10,F,16,<5
11,F,16,<5
12,F,16,<5
13,F,16,<5
14,F,16,<5
15,F,16,<5
16,F,16,<5
17,F,16,<5
18,F,16,<5
19,F,16,<5
20,F,16,<5
21,F,16,<5
22,F,16,<5
23,F,16,<5
24,F,16,<5
25,F,16,<5
26,F,16,<5
27,F,16,<5
28,F,16,<5
29,F,16,<5
30,F,16,<5
31,F,16,<5
32,F,16,<5
33,F,16,<5
34,F,16,<5
35,F,16,<5
36,F,16,10
37,F,16,15
38,F,16,16.667
39,F,16,18.333
40,F,16,20
41,F,16,22.5
42,F,16,25
43,F,16,30
44,F,16,31.667
45,F,16,33.333
46,F,16,45
47,F,16,47.5
48,F,16,60
49,F,16,65
50,F,16,70
51,F,16,72.5
52,F,16,80
53,F,16,82.5
54,F,16,85
55,F,16,87.5
56,F,16,90
57,F,16,95
58,F,16,96.667
59,F,16,98.333
60,F,16,99
61,F,16,>99
62,F,16,>99
63,F,16,>99
0,F,17,<5
1,F,17,<5
2,F,17,<5
3,F,17,<5
4,F,17,<5
5,F,17,<5
6,F,17,<5
7,F,17,<5
8,F,17,<5
9,F,17,<5
10,F,17,<5
11,F,17,<5
12,F,17,<5
13,F,17,<5
14,F,17,<5
15,F,17,<5
16,F,17,<5
17,F,17,<5
18,F,17,<5
19,F,17,<5
20,F,17,<5
21,F,17,<5
22,F,17,<5
23,F,17,<5
24,F,17,<5
25,F,17,<5
26,F,17,<5
27,F,17,<5
28,F,17,<5
29,F,17,<5
30,F,17,<5
31,F,17,<5
32,F,17,<5
33,F,17,<5
34,F,17,<5
35,F,17,<5
36,F,17,10
37,F,17,15
38,F,17,16.667
39,F,17,18.333
40,F,17,20
41,F,17,22.5
42,F,17,25
43,F,17,30
44,F,17,31.667
45,F,17,33.333
46,F,17,45
47,F,17,47.5
48,F,17,60
49,F,17,65
50,F,17,70
51,F,17,72.5
52,F,17,80
53,F,17,82.5
54,F,17,85
55,F,17,87.5
56,F,17,90
57,F,17,95
58,F,17,96.667
59,F,17,98.333
60,F,17,99
61,F,17,>99
62,F,17,>99
63,F,17,>99
0,F,18,<5
1,F,18,<5
2,F,18,<5
3,F,18,<5
4,F,18,<5
5,F,18,<5
6,F,18,<5
7,F,18,<5
8,F,18,<5
9,F,18,<5
10,F,18,<5
11,F,18,<5
12,F,18,<5
13,F,18,<5
14,F,18,<5
15,F,18,<5
16,F,18,<5
17,F,18,<5
18,F,18,<5
19,F,18,<5
20,F,18,<5
21,F,18,<5
22,F,18,<5
23,F,18,<5
24,F,18,<5
25,F,18,<5
26,F,18,<5
27,F,18,<5
28,F,18,<5
29,F,18,<5
30,F,18,<5
31,F,18,<5
32,F,18,<5
33,F,18,<5
34,F,18,<5
35,F,18,<5
36,F,18,10
37,F,18,15
38,F,18,16.667
39,F,18,18.333
40,F,18,20
41,F,18,22.5
42,F,18,25
43,F,18,30
44,F,18,31.667
45,F,18,33.333
46,F,18,45
47,F,18,47.5
48,F,18,60
49,F,18,65
50,F,18,70
51,F,18,72.5
52,F,18,80
53,F,18,82.5
54,F,18,85
55,F,18,87.5
56,F,18,90
57,F,18,95
58,F,18,96.667
59,F,18,98.333
60,F,18,99
61,F,18,>99
62,F,18,>99
63,F,18,>99
0,M,6,<5
1,M,6,<5
2,M,6,5
3,M,6,6.667
4,M,6,8.333
5,M,6,15
6,M,6,25
7,M,6,30
8,M,6,40
9,M,6,50
10,M,6,60
11,M,6,65
12,M,6,70
13,M,6,75
14,M,6,80
15,M,6,82.5
16,M,6,85
17,M,6,86.667
18,M,6,88.333
19,M,6,90
20,M,6,91.667
21,M,6,93.333
22,M,6,95
23,M,6,97.5
24,M,6,99
25,M,6,>99
26,M,6,>99
27,M,6,>99
28,M,6,>99
29,M,6,>99
30,M,6,>99
31,M,6,>99
32,M,6,>99
33,M,6,>99
34,M,6,>99
35,M,6,>99
36,M,6,>99
37,M,6,>99
38,M,6,>99
39,M,6,>99
40,M,6,>99
41,M,6,>99
42,M,6,>99
43,M,6,>99
44,M,6,>99
45,M,6,>99
46,M,6,>99
47,M,6,>99
48,M,6,>99
49,M,6,>99
50,M,6,>99
51,M,6,>99
52,M,6,>99
53,M,6,>99
54,M,6,>99
55,M,6,>99
56,M,6,>99
57,M,6,>99
58,M,6,>99
59,M,6,>99
60,M,6,>99
61,M,6,>99
62,M,6,>99
63,M,6,>99
0,M,7,<5
1,M,7,<5
2,M,7,5
3,M,7,6.667
4,M,7,8.333
5,M,7,15
6,M,7,25
7,M,7,30
8,M,7,40
9,M,7,50
10,M,7,60
11,M,7,65
12,M,7,70
13,M,7,75
14,M,7,80
15,M,7,82.5
16,M,7,85
17,M,7,86.667
18,M,7,88.333
19,M,7,90
20,M,7,91.667
21,M,7,93.333
22,M,7,95
23,M,7,97.5
24,M,7,99
25,M,7,>99
26,M,7,>99
27,M,7,>99
28,M,7,>99
29,M,7,>99
30,M,7,>99
31,M,7,>99
32,M,7,>99
33,M,7,>99
34,M,7,>99
35,M,7,>99
36,M,7,>99
37,M,7,>99
38,M,7,>99
39,M,7,>99
40,M,7,>99
41,M,7,>99
42,M,7,>99
43,M,7,>99
44,M,7,>99
45,M,7,>99
46,M,7,>99
47,M,7,>99
48,M,7,>99
49,M,7,>99
50,M,7,>99
51,M,7,>99
52,M,7,>99
53,M,7,>99
54,M,7,>99
55,M,7,>99
56,M,7,>99
57,M,7,>99
58,M,7,>99
59,M,7,>99
60,M,7,>99
61,M,7,>99
62,M,7,>99
63,M,7,>99
0,M,8,<5
1,M,8,<5
2,M,8,5
3,M,8,6.667
4,M,8,8.333
5,M,8,15
6,M,8,25
7,M,8,30
8,M,8,40
9,M,8,50
10,M,8,60
11,M,8,65
12,M,8,70
13,M,8,75
14,M,8,80
15,M,8,82.5
16,M,8,85
17,M,8,86.667
18,M,8,88.333
19,M,8,90
20,M,8,91.667
21,M,8,93.333
22,M,8,95
23,M,8,97.5
24,M,8,99
25,M,8,>99
26,M,8,>99
27,M,8,>99
28,M,8,>99
29,M,8,>99
30,M,8,>99
31,M,8,>99
32,M,8,>99
33,M,8,>99
34,M,8,>99
35,M,8,>99
36,M,8,>99
37,M,8,>99
38,M,8,>99
39,M,8,>99
40,M,8,>99
41,M,8,>99
42,M,8,>99
43,M,8,>99
44,M,8,>99
45,M,8,>99
46,M,8,>99
47,M,8,>99
48,M,8,>99
49,M,8,>99
50,M,8,>99
51,M,8,>99
52,M,8,>99
53,M,8,>99
54,M,8,>99
55,M,8,>99
56,M,8,>99
57,M,8,>99
58,M,8,>99
59,M,8,>99
60,M,8,>99
61,M,8,>99
62,M,8,>99
63,M,8,>99
0,M,9,<5
1,M,9,<5
2,M,9,5
3,M,9,6
4,M,9,7
5,M,9,8
6,M,9,9
7,M,9,15
8,M,9,25
9,M,9,30
10,M,9,35
11,M,9,45
12,M,9,50
13,M,9,60
14,M,9,65
15,M,9,67.5
16,M,9,70
17,M,9,75
18,M,9,80
19,M,9,82.5
20,M,9,85
21,M,9,86.667
22,M,9,88.333
23,M,9,90
24,M,9,91.25
25,M,9,92.5
26,M,9,93.75
27,M,9,95
28,M,9,97.5
29,M,9,99
30,M,9,>99
31,M,9,>99
32,M,9,>99
33,M,9,>99
34,M,9,>99
35,M,9,>99
36,M,9,>99
37,M,9,>99
38,M,9,>99
39,M,9,>99
40,M,9,>99
41,M,9,>99
42,M,9,>99
43,M,9,>99
44,M,9,>99
45,M,9,>99
46,M,9,>99
47,M,9,>99
48,M,9,>99
49,M,9,>99
50,M,9,>99
51,M,9,>99
52,M,9,>99
53,M,9,>99
54,M,9,>99
55,M,9,>99
56,M,9,>99
57,M,9,>99
58,M,9,>99
59,M,9,>99
60,M,9,>99
61,M,9,>99
62,M,9,>99
63,M,9,>99
0,M,10,<5
1,M,10,<5
2,M,10,<5
3,M,10,5
4,M,10,5.833
5,M,10,6.667
6,M,10,7.5
7,M,10,8.333
8,M,10,9.167
9,M,10,15
10,M,10,20
11,M,10,25
12,M,10,30
13,M,10,35
14,M,10,45
15,M,10,50
16,M,10,55
17,M,10,60
18,M,10,65
19,M,10,67.5
20,M,10,70
21,M,10,75
22,M,10,80
23,M,10,82.5
24,M,10,85
25,M,10,86.25
26,M,10,87.5
27,M,10,88.75
28,M,10,90
29,M,10,91.25
30,M,10,92.5
31,M,10,93.75
32,M,10,95
33,M,10,96.667
34,M,10,98.333
35,M,10,99
36,M,10,>99
37,M,10,>99
38,M,10,>99
39,M,10,>99
40,M,10,>99
41,M,10,>99
42,M,10,>99
43,M,10,>99
44,M,10,>99
45,M,10,>99
46,M,10,>99
47,M,10,>99
48,M,10,>99
49,M,10,>99
50,M,10,>99
51,M,10,>99
52,M,10,>99
53,M,10,>99
54,M,10,>99
55,M,10,>99
56,M,10,>99
57,M,10,>99
58,M,10,>99
59,M,10,>99
60,M,10,>99
61,M,10,>99
62,M,10,>99
63,M,10,>99
0,M,11,<5
1,M,11,<5
2,M,11,<5
3,M,11,<5
4,M,11,5
5,M,11,5.714
6,M,11,6.429
7,M,11,7.143
8,M,11,7.857
9,M,11,8.571
10,M,11,9.286
11,M,11,10
12,M,11,15
13,M,11,17.5
14,M,11,25
15,M,11,30
16,M,11,35
17,M,11,40
18,M,11,45
19,M,11,50
20,M,11,55
21,M,11,60
22,M,11,62.5
23,M,11,65
24,M,11,70
25,M,11,75
26,M,11,80
27,M,11,81.667
28,M,11,83.333
29,M,11,85
30,M,11,86.25
31,M,11,87.5
32,M,11,88.75
33,M,11,90
34,M,11,91.25
35,M,11,92.5
36,M,11,93.75
37,M,11,95
38,M,11,96.667
39,M,11,98.333
40,M,11,99
41,M,11,>99
42,M,11,>99
43,M,11,>99
44,M,11,>99
45,M,11,>99
46,M,11,>99
47,M,11,>99
48,M,11,>99
49,M,11,>99
50,M,11,>99
51,M,11,>99
52,M,11,>99
53,M,11,>99
54,M,11,>99
55,M,11,>99
56,M,11,>99
57,M,11,>99
58,M,11,>99
59,M,11,>99
60,M,11,>99
61,M,11,>99
62,M,11,>99
63,M,11,>99
0,M,12,<5
1,M,12,<5
2,M,12,<5
3,M,12,<5
4,M,12,<5
5,M,12,<5
6,M,12,5
7,M,12,5.625
8,M,12,6.25
9,M,12,6.875
10,M,12,7.5
11,M,12,8.125
12,M,12,8.75
13,M,12,9.375
14,M,12,10
15,M,12,12.5
16,M,12,15
17,M,12,20
18,M,12,25
19,M,12,27.5
20,M,12,35
21,M,12,40
22,M,12,45
23,M,12,47.5
24,M,12,50
25,M,12,55
26,M,12,60
27,M,12,62.5
28,M,12,65
29,M,12,70
30,M,12,75
31,M,12,80
32,M,12,81.667
33,M,12,83.333
34,M,12,85
35,M,12,86.25
36,M,12,87.5
37,M,12,88.75
38,M,12,90
39,M,12,91.25
40,M,12,92.5
41,M,12,93.75
42,M,12,95
43,M,12,96.667
44,M,12,98.333
45,M,12,99
46,M,12,>99
47,M,12,>99
48,M,12,>99
49,M,12,>99
50,M,12,>99
51,M,12,>99
52,M,12,>99
53,M,12,>99
54,M,12,>99
55,M,12,>99
56,M,12,>99
57,M,12,>99
58,M,12,>99
59,M,12,>99
60,M,12,>99
61,M,12,>99
62,M,12,>99
63,M,12,>99
0,M,13,<5
1,M,13,<5
2,M,13,<5
3,M,13,<5
4,M,13,<5
5,M,13,<5
6,M,13,<5
7,M,13,5
8,M,13,5.455
9,M,13,5.909
10,M,13,6.364
11,M,13,6.818
12,M,13,7.273
13,M,13,7.727
14,M,13,8.182
15,M,13,8.636
16,M,13,9.091
17,M,13,9.545
18,M,13,10
19,M,13,12.5
20,M,13,15
21,M,13,17.5
22,M,13,20
23,M,13,25
24,M,13,30
25,M,13,35
26,M,13,40
27,M,13,45
28,M,13,47.5
29,M,13,50
30,M,13,55
31,M,13,60
32,M,13,62.5
33,M,13,65
34,M,13,70
35,M,13,75
36,M,13,80
37,M,13,81.667
38,M,13,83.333
39,M,13,85
40,M,13,86.25
41,M,13,87.5
42,M,13,88.75
43,M,13,90
44,M,13,91.667
45,M,13,93.333
46,M,13,95
47,M,13,96.667
48,M,13,98.333
49,M,13,99
50,M,13,>99
51,M,13,>99
52,M,13,>99
53,M,13,>99
54,M,13,>99
55,M,13,>99
56,M,13,>99
57,M,13,>99
58,M,13,>99
59,M,13,>99
60,M,13,>99
61,M,13,>99
62,M,13,>99
63,M,13,>99
0,M,14,<5
1,M,14,<5
2,M,14,<5
3,M,14,<5
4,M,14,<5
5,M,14,<5
6,M,14,<5
7,M,14,<5
8,M,14,<5
9,M,14,<5
10,M,14,5
11,M,14,5.417
12,M,14,5.833
13,M,14,6.25
14,M,14,6.667
15,M,14,7.083
16,M,14,7.5
17,M,14,7.917
18,M,14,8.333
19,M,14,8.75
20,M,14,9.167
21,M,14,9.583
22,M,14,10
23,M,14,11.667
24,M,14,13.333
25,M,14,15
26,M,14,17.5
27,M,14,25
28,M,14,27.5
29,M,14,30
30,M,14,35
31,M,14,40
32,M,14,45
33,M,14,47.5
34,M,14,50
35,M,14,55
36,M,14,60
37,M,14,62.5
38,M,14,65
39,M,14,75
40,M,14,77.5
41,M,14,80
42,M,14,81.667
43,M,14,83.333
44,M,14,85
45,M,14,86.667
46,M,14,88.333
47,M,14,90
48,M,14,91.667
49,M,14,93.333
50,M,14,95
51,M,14,96.667
52,M,14,98.333
53,M,14,99
54,M,14,>99
55,M,14,>99
56,M,14,>99
57,M,14,>99
58,M,14,>99
59,M,14,>99
60,M,14,>99
61,M,14,>99
62,M,14,>99
63,M,14,>99
0,M,15,<5
1,M,15,<5
2,M,15,<5
3,M,15,<5
4,M,15,<5
5,M,15,<5
6,M,15,<5
7,M,15,<5
8,M,15,<5
9,M,15,<5
10,M,15,<5
11,M,15,<5
12,M,15,5
13,M,15,5.357
14,M,15,5.714
15,M,15,6.071
16,M,15,6.429
17,M,15,6.786
18,M,15,7.143
19,M,15,7.5
20,M,15,7.857
21,M,15,8.214
22,M,15,8.571
23,M,15,8.929
24,M,15,9.286
25,M,15,9.643
26,M,15,10
27,M,15,11.25
28,M,15,12.5
29,M,15,13.75
30,M,15,15
31,M,15,17.5
32,M,15,20
33,M,15,25
34,M,15,30
35,M,15,35
36,M,15,40
37,M,15,45
38,M,15,47.5
39,M,15,50
40,M,15,55
41,M,15,60
42,M,15,62.5
43,M,15,65
44,M,15,75
45,M,15,80
46,M,15,81.667
47,M,15,83.333
48,M,15,85
49,M,15,86.667
50,M,15,88.333
51,M,15,90
52,M,15,92.5
53,M,15,95
54,M,15,96.667
55,M,15,98.333
56,M,15,99
57,M,15,>99
58,M,15,>99
59,M,15,>99
60,M,15,>99
61,M,15,>99
62,M,15,>99
63,M,15,>99
0,M,16,<5
1,M,16,<5
2,M,16,<5
3,M,16,<5
4,M,16,<5
5,M,16,<5
6,M,16,<5
7,M,16,<5
8,M,16,<5
9,M,16,<5
10,M,16,<5
11,M,16,<5
12,M,16,<5
13,M,16,<5
14,M,16,<5
15,M,16,<5
16,M,16,5
17,M,16,5.333
18,M,16,5.667
19,M,16,6
20,M,16,6.333
21,M,16,6.667
22,M,16,7
23,M,16,7.333
24,M,16,7.667
25,M,16,8
26,M,16,8.333
27,M,16,8.667
28,M,16,9
29,M,16,9.333
30,M,16,9.667
31,M,16,10
32,M,16,11.25
33,M,16,12.5
34,M,16,13.75
35,M,16,15
36,M,16,16.667
37,M,16,18.333
38,M,16,25
39,M,16,30
40,M,16,40
41,M,16,45
42,M,16,47.5
43,M,16,50
44,M,16,52.5
45,M,16,60
46,M,16,62.5
47,M,16,65
48,M,16,75
49,M,16,80
50,M,16,81.667
51,M,16,83.333
52,M,16,85
53,M,16,87.5
54,M,16,90
55,M,16,92.5
56,M,16,95
57,M,16,97.5
58,M,16,99
59,M,16,>99
60,M,16,>99
61,M,16,>99
62,M,16,>99
63,M,16,>99
0,M,17,<5
1,M,17,<5
2,M,17,<5
3,M,17,<5
4,M,17,<5
5,M,17,<5
6,M,17,<5
7,M,17,<5
8,M,17,<5
9,M,17,<5
10,M,17,<5
11,M,17,<5
12,M,17,<5
13,M,17,<5
14,M,17,<5
15,M,17,<5
16,M,17,5
17,M,17,5.333
18,M,17,5.667
19,M,17,6
20,M,17,6.333
21,M,17,6.667
22,M,17,7
23,M,17,7.333
24,M,17,7.667
25,M,17,8
26,M,17,8.333
27,M,17,8.667
28,M,17,9
29,M,17,9.333
30,M,17,9.667
31,M,17,10
32,M,17,11.25
33,M,17,12.5
34,M,17,13.75
35,M,17,15
36,M,17,16.667
37,M,17,18.333
38,M,17,25
39,M,17,30
40,M,17,40
41,M,17,45
42,M,17,47.5
43,M,17,50
44,M,17,52.5
45,M,17,60
46,M,17,62.5
47,M,17,65
48,M,17,75
49,M,17,80
50,M,17,81.667
51,M,17,83.333
52,M,17,85
53,M,17,87.5
54,M,17,90
55,M,17,92.5
56,M,17,95
57,M,17,97.5
58,M,17,99
59,M,17,>99
60,M,17,>99
61,M,17,>99
62,M,17,>99
63,M,17,>99
0,M,18,<5
1,M,18,<5
2,M,18,<5
3,M,18,<5
4,M,18,<5
5,M,18,<5
6,M,18,<5
7,M,18,<5
8,M,18,<5
9,M,18,<5
10,M,18,<5
11,M,18,<5
12,M,18,<5
13,M,18,<5
14,M,18,<5
15,M,18,<5
16,M,18,5
17,M,18,5.333
18,M,18,5.667
19,M,18,6
20,M,18,6.333
21,M,18,6.667
22,M,18,7
23,M,18,7.333
24,M,18,7.667
25,M,18,8
26,M,18,8.333
27,M,18,8.667
28,M,18,9
29,M,18,9.333
30,M,18,9.667
31,M,18,10
32,M,18,11.25
33,M,18,12.5
34,M,18,13.75
35,M,18,15
36,M,18,16.667
37,M,18,18.333
38,M,18,25
39,M,18,30
40,M,18,40
41,M,18,45
42,M,18,47.5
43,M,18,50
44,M,18,52.5
45,M,18,60
46,M,18,62.5
47,M,18,65
48,M,18,75
49,M,18,80
50,M,18,81.667
51,M,18,83.333
52,M,18,85
53,M,18,87.5
54,M,18,90
55,M,18,92.5
56,M,18,95
57,M,18,97.5
58,M,18,99
59,M,18,>99
60,M,18,>99
61,M,18,>99
62,M,18,>99
63,M,18,>99
